001.jpg, 0
002.jpg, 0
003.jpg, 0
004.jpg, 0
005.jpg, 0
006.jpg, 0
007.jpg, 0
008.jpg, 0
009.jpg, 0
010.jpg, 0
011.jpg, 0
012.jpg, 0
013.jpg, 0
014.jpg, 0
015.jpg, 0
016.jpg, 0
017.jpg, 0
018.jpg, 0
019.jpg, 0
020.jpg, 0
021.jpg, 0
022.jpg, 0
023.jpg, 0
024.jpg, 0
025.jpg, 0
026.jpg, 0
027.jpg, 0
028.jpg, 0
029.jpg, 0
030.jpg, 0
031.jpg, 0
032.jpg, 0
033.jpg, 0
034.jpg, 0
035.jpg, 0
036.jpg, 0
037.jpg, 0
038.jpg, 0
039.jpg, 0
040.jpg, 0
041.jpg, 0
042.jpg, 0
043.jpg, 0
044.jpg, 0
045.jpg, 0
046.jpg, 0
047.jpg, 0
048.jpg, 0
049.jpg, 1
050.jpg, 1
051.jpg, 1
052.jpg, 1
053.jpg, 1
054.jpg, 1
055.jpg, 1
056.jpg, 1
057.jpg, 1
058.jpg, 1
059.jpg, 1
060.jpg, 1
061.jpg, 1
062.jpg, 1
063.jpg, 1
064.jpg, 1
065.jpg, 1
066.jpg, 1
067.jpg, 1
068.jpg, 1
069.jpg, 1
070.jpg, 1
071.jpg, 1
072.jpg, 1
073.jpg, 1
074.jpg, 1
075.jpg, 1
076.jpg, 1
077.jpg, 1
078.jpg, 1
079.jpg, 1
080.jpg, 1
081.jpg, 1
082.jpg, 1
083.jpg, 1
084.jpg, 1
085.jpg, 1
086.jpg, 1
087.jpg, 1
088.jpg, 1
089.jpg, 1
090.jpg, 1
091.jpg, 1
092.jpg, 1
093.jpg, 1
094.jpg, 1
095.jpg, 1
096.jpg, 1